address,token_count,token_ids
0xbb8008b60dc3b6a7ac2957a2035be5145a1bde60,2,671;789
0x3556cc9a006b384d854a9fc688c891a351d3c144,1,629
0x9bfb8a065a884c56e216d93a72f6fb88f3919b55,3,6;7;8
0xc65fa62d0f0aab71eb1f7ef4fac2a1eb44241e17,1,981
0x7094c837d3a578090caeb9be4538773d113ee0ee,3,386;387;388
0xc6c231f34637145ee4fd2174309e465ef56ba7b0,6,204;207;210;211;212;216
0x78876ed849c98c817120d08e94184852e0e5340d,1,507
0xd08d35f5c862971a7ee8a5d1d66e694c8f260ca9,1,640
0x5a5dac9623f965fee8569853c28e66b98fb1f242,2,4;5
0xbf6acf74d710f01b2e34cdf37b8e67f2faa4f86d,1,391
0xffdb31285961d44d40c404566e9de9080b1abd50,1,978
0xfe457c54857b39dac766844803e2fd90c92600c4,4,67;68;69;70
0x1495809b84f07cb1364560c3f5700486c6f92cf1,4,925;929;938;939
0xfe128356d8b085c807c4604f750bb236dbdb6082,16,30;31;32;33;34;35;36;37;38;39;40;41;42;43;44;45
0x6a6863b14413910b6a9054f6face292e031ec6da,4,329;331;332;340
0x9882fcf8dcf9bbef9306bc5294911964a0320137,5,743;748;751;755;1027
0xb58bab9ea70256195ba46243787b5685475ad137,60,76;77;78;79;81;90;92;93;94;95;96;98;99;105;111;112;113;114;115;116;117;118;120;125;131;132;133;134;135;136;137;143;145;149;150;152;153;154;155;524;527;529;530;532;546;550;551;553;556;563;567;570;571;572;585;587;588;590;591;603
0x05c502113c898c6885faf6919f7054d66f563f9e,4,170;172;173;182
0xaf82c2f30ecf48d20e55652338553f549b585d34,5,183;186;608;609;610
0x4db30e41ad76ecc5533d46bd68493648ca0400ae,2,958;959
0x1088de1ac37e26a16814c0d1d20ef25350490879,3,612;623;626
0xa99b3e8dacace358265cd78aedeb891ccf0ca319,8,512;514;841;842;983;998;999;1000
0xa8e216efa99fab75120f07a021779f5437a4601e,4,1018;1019;1020;1022
0x4cf74728230bbab99bb3c4899f6a40e0e10930c9,1,449
0xfd83f112c966374fec0bedacc21ae2d45a3f39fb,5,437;446;447;965;970
0x008f01f3f5d15abecc72247d140bfd0226f6a283,1,806
0x5ea3c17a87014bd1df7a817ac0c4139525543ab5,4,761;762;765;769
0x4b83911c955a007c781eb60d95d959b272d6dc10,2,486;487
0xb82da2db4b24d3be64020ac98963c9769893ea6d,1,1044
0x340a5153500db300795c46b327d4ce476d7f8950,4,271;272;275;284
0x2dfdaf97d96e9a39205c6249070e6e2820e71952,3,429;785;844
0x5926a00a9cc4d2573a11f064c787f097f6b4d209,6,690;857;860;861;862;864
0xc526fdc9950cfa85e77309c5a3fa64b3f34c6260,9,643;644;647;650;663;664;665;740;741
0x5a3d8854575fb1a93c3d7f3009156390a3ed76ad,2,427;428
0x21180db4a88a0aa5f0573d77a1bfcf7d7ea4e3ef,1,399
0x201376acc2380ad2702955b550ebade9977d0866,4,1037;1038;1039;1040
0xc9c6de34a46bd90264a36c791a6d751ef2455a83,1,898
0xd444d13a8b3975b17baa7ef27e6990352bf34eb5,3,411;412;423
0x12cccea8152c36e0029d72a202a5f48e166618d7,6,244;245;247;248;249;251
0x9f5fef290aba8ba70a9d4439ef73ce337cfe2b6e,11,727;730;827;829;887;891;917;918;919;920;952
0xe141d556e7bca9e77dcd4fa67bd983237b404e6e,1,1067
0xb2a058d62d4674c5c0d17fa5f318a85c4738d1fb,3,379;705;706
0x6a47b6a5cca9d3c087e9578a0a3a6afe5b5c4479,7,407;409;692;878;880;881;882
0xbd1a685bc7b3a2a68fbc611d6dcff02cfa1706ef,1,833
0x048d84298d42413020b4f75dc8a2efc9e003630a,1,651
0x7d0cd6a6c68a46b037208c0a289bf34122d31672,6,508;511;779;781;801;802
0xdecc54d2e97f44778143752254a05c1152d39aa7,9,62;63;64;65;66;1057;1058;1059;1060
0xdd50a3b91025a44ead57dcb109b7b5a30a28f80f,4,288;292;293;300
0xb85d8c7a0598b7248f480661bc285f30092825cf,3,473;710;711
0xfdd17d7fbe677516ffe7ffa3e1d200b559d79fe5,16,46;47;48;49;50;51;52;53;54;55;56;57;58;59;60;61
0x8a755f40c448666e5a8651adac598d13897a8a88,1,703
0x8778c1c607774e92fa63d20fc3321dbb7c9f8efa,7,463;467;468;469;720;723;724
0xb32ddfdfad90c57e475916ef014d8bec3d0e3395,1,471
0xadebf3db63610f6a07cce88f14bf58de1c45e264,1,845
0xba0ba1f733f347634ff4a253bb38b6652d866ea7,3,683;684;685
0xa68a21931ceff6d29070923d3e9c7abac710dcf9,4,227;228;231;234
0xfee726941989d44c5ce6ea113cc56b08ea2b3e41,5,347;348;349;353;359
0x6762ff916de1b315da56f4fa7b78f39aa60d9f4c,1,979
0xf997b8999c827606e431e8db4022040ba31c1b6f,2,451;961
0x9b2f2d070f842b690474ed0ec3ea37de545a601f,3,371;372;631
0x87b4983e6708bc4ef0ec6b260da53aa6ca74c31f,2,367;368
0xeefa6898191c92690bd8ef1bb972096d2971bcf0,5,71;72;73;74;75
0x2e5489309ba8ac06ccde965a9f190cdb37e0a739,3,253;262;267
0x28dad8427f127664365109c4a9406c8bc7844718,77,1073;1077;1078;1082;1086;1095;1098;1099;1102;1104;1114;1118;1119;1120;1121;1131;1135;1138;1140;1144;1148;1157;1158;1159;1161;1170;1174;1178;1179;1180;1190;1194;1198;1203;1204;1206;1212;1217;1218;1222;1223;1233;1234;1237;1238;1247;1250;1255;1258;1259;1264;1272;1276;1277;1278;1283;1289;1294;1296;1297;1298;1311;1312;1318;1319;1321;1324;1332;1335;1337;1339;1348;1352;1354;1357;1361;1363
0xfef62a7b791cd9dfc137ca2bd56a55abbb7d1738,2,1004;1007
0xe1446c602565881677f0b9cf9cafea5960af6e4d,1,804
0x4c9c2d155961a75876533e9151353fa1290d3168,1,488
0x2f7f9640f080c99e9daba062b0fa0e969e7ca025,3,1;2;3
0x0ba9bd3225665f397820651e172cfb5e43d8991e,2,607;677
0xf831b395cb0e1a014257ae6baa79fcd9efa538f2,2,165;287
0xabf62700027399c659c8afe0a9fb12a446b504ef,5,187;190;191;196;202
0x7a04a145ca905f19cea9cde5e5ab052732a13c76,1,432
0xfaf765fff46bc3edfc4ab3214a8aea127ebb9c66,1,393
0x1db1f644c2c0bca40473ce48260a1ff312449618,5,25;26;27;28;29
0x6d068a72c8bc06caf7b21e1cd2e552bd3e2fe58b,1,815
0x225ee8a7d1b460f42f6e29ae5d7abd33d05fac8e,2,821;822
0xaca3d99bcedb995143d4ac3e2acf7c099b5fe71d,4,312;313;323;327
0xaa64006a3a14e16d58933c1fad7ff4f1468c5efd,16,9;10;11;12;13;14;15;16;17;18;19;20;21;22;23;24
0xdbddb0eefc91881cdd4139821d3262fab45f1a31,1,995
0xd9b4db1173b2311cecc1a6d24119ca4735405bde,2,491;495
0x826c9f14060c027c321e3fb0b4721db042cc1d0d,4,161;163;307;311
0xf242ee88439e4d9a70ad336d1fc84a59d9e794fd,5,794;866;902;903;904
0xd858299ca7be4087c942ecf8dd52df2aa81c7764,1,783
0xf1a4d066cbefc59f3335fdcc6cf35ea62874e263,2,943;944
